genome_id	genome_file	has_pESI_assembly	pESI_file
10133415	10133415.fna	yes	10133415_pESI.fasta
10133815	10133815.fna	yes	10133815_pESI.fasta
10134355	10134355.fna	yes	10134355_pESI.fasta
10141235	10141235.fna	yes	10141235_pESI.fasta
10142075	10142075.fna	yes	10142075_pESI.fasta
10142695	10142695.fna	yes	10142695_pESI.fasta
10142775	10142775.fna	yes	10142775_pESI.fasta
10177815	10177815.fna	no	
10700725	10700725.fna	no	
10805445	10805445.fna	yes	10805445_pESI.fasta
10833965	10833965.fna	yes	10833965_pESI.fasta
10875645	10875645.fna	no	
10891015	10891015.fna	no	
10892735	10892735.fna	yes	10892735_pESI.fasta
10895095	10895095.fna	yes	10895095_pESI.fasta
10902475	10902475.fna	yes	10902475_pESI.fasta
10907845	10907845.fna	no	
11078885	11078885.fna	no	
11080585	11080585.fna	no	
11080965	11080965.fna	no	
11131815	11131815.fna	no	
11132165	11132165.fna	no	
11156655	11156655.fna	yes	11156655_pESI.fasta
11163695	11163695.fna	yes	11163695_pESI.fasta
11165695	11165695.fna	no	
11168375	11168375.fna	yes	11168375_pESI.fasta
11169795	11169795.fna	yes	11169795_pESI.fasta
11170735	11170735.fna	no	
11448455	11448455.fna	no	
11448775	11448775.fna	no	
11449115	11449115.fna	no	
11452255	11452255.fna	no	
11452375	11452375.fna	no	
11452475	11452475.fna	no	
11452515	11452515.fna	no	
11452675	11452675.fna	no	
11452785	11452785.fna	no	
11453035	11453035.fna	no	
11464235	11464235.fna	yes	11464235_pESI.fasta
11518205	11518205.fna	yes	11518205_pESI.fasta
11519185	11519185.fna	yes	11519185_pESI.fasta
11528025	11528025.fna	yes	11528025_pESI.fasta
11551395	11551395.fna	yes	11551395_pESI.fasta
11555455	11555455.fna	no	
11582185	11582185.fna	yes	11582185_pESI.fasta
11588445	11588445.fna	yes	11588445_pESI.fasta
11591325	11591325.fna	no	
11592475	11592475.fna	yes	11592475_pESI.fasta
11595885	11595885.fna	yes	11595885_pESI.fasta
11598705	11598705.fna	no	
11600345	11600345.fna	yes	11600345_pESI.fasta
11632405	11632405.fna	no	
11717335	11717335.fna	no	
11740395	11740395.fna	yes	11740395_pESI.fasta
12310975	12310975.fna	yes	12310975_pESI.fasta
14045005	14045005.fna	yes	14045005_pESI.fasta
14045085	14045085.fna	no	
14051005	14051005.fna	yes	14051005_pESI.fasta
14053045	14053045.fna	yes	14053045_pESI.fasta
14075525	14075525.fna	yes	14075525_pESI.fasta
14522945	14522945.fna	no	
14550555	14550555.fna	yes	14550555_pESI.fasta
14581255	14581255.fna	yes	14581255_pESI.fasta
14581275	14581275.fna	yes	14581275_pESI.fasta
14599295	14599295.fna	no	
14599635	14599635.fna	yes	14599635_pESI.fasta
14599955	14599955.fna	yes	14599955_pESI.fasta
14600175	14600175.fna	yes	14600175_pESI.fasta
14600225	14600225.fna	no	
14600575	14600575.fna	no	
14738275	14738275.fna	yes	14738275_pESI.fasta
14738475	14738475.fna	no	
14738655	14738655.fna	no	
14768535	14768535.fna	yes	14768535_pESI.fasta
14782775	14782775.fna	no	
14966075	14966075.fna	no	
15165015	15165015.fna	yes	15165015_pESI.fasta
15165115	15165115.fna	yes	15165115_pESI.fasta
15165415	15165415.fna	yes	15165415_pESI.fasta
15169455	15169455.fna	yes	15169455_pESI.fasta
15176205	15176205.fna	yes	15176205_pESI.fasta
15176305	15176305.fna	no	
15201525	15201525.fna	no	
15254495	15254495.fna	no	
15376085	15376085.fna	yes	15376085_pESI.fasta
15839355	15839355.fna	no	
16058195	16058195.fna	no	
16058255	16058255.fna	yes	16058255_pESI.fasta
16058695	16058695.fna	yes	16058695_pESI.fasta
16121955	16121955.fna	yes	16121955_pESI.fasta
16349885	16349885.fna	yes	16349885_pESI.fasta
16350585	16350585.fna	no	
16459765	16459765.fna	no	
16626805	16626805.fna	no	
16626965	16626965.fna	yes	16626965_pESI.fasta
16626985	16626985.fna	yes	16626985_pESI.fasta
16976055	16976055.fna	yes	16976055_pESI.fasta
17103535	17103535.fna	no	
17173915	17173915.fna	no	
17181415	17181415.fna	yes	17181415_pESI.fasta
17337285	17337285.fna	yes	17337285_pESI.fasta
17497005	17497005.fna	no	
17659675	17659675.fna	yes	17659675_pESI.fasta
17662575	17662575.fna	no	
17689455	17689455.fna	no	
17689475	17689475.fna	no	
17689515	17689515.fna	yes	17689515_pESI.fasta
18275765	18275765.fna	no	
18276585	18276585.fna	yes	18276585_pESI.fasta
18276845	18276845.fna	no	
18276945	18276945.fna	yes	18276945_pESI.fasta
18277005	18277005.fna	yes	18277005_pESI.fasta
18313995	18313995.fna	no	
18482685	18482685.fna	no	
19205865	19205865.fna	yes	19205865_pESI.fasta
19233445	19233445.fna	yes	19233445_pESI.fasta
19267735	19267735.fna	no	
19267755	19267755.fna	yes	19267755_pESI.fasta
19270635	19270635.fna	no	
19328745	19328745.fna	no	
19357715	19357715.fna	no	
19357875	19357875.fna	yes	19357875_pESI.fasta
19357975	19357975.fna	no	
19357985	19357985.fna	no	
19390955	19390955.fna	no	
19562115	19562115.fna	yes	19562115_pESI.fasta
19562235	19562235.fna	yes	19562235_pESI.fasta
19646735	19646735.fna	no	
19918165	19918165.fna	no	
20081485	20081485.fna	yes	20081485_pESI.fasta
20487425	20487425.fna	yes	20487425_pESI.fasta
20516485	20516485.fna	yes	20516485_pESI.fasta
20607955	20607955.fna	yes	20607955_pESI.fasta
20653895	20653895.fna	yes	20653895_pESI.fasta
20658025	20658025.fna	yes	20658025_pESI.fasta
20670405	20670405.fna	no	
20671165	20671165.fna	no	
20671355	20671355.fna	no	
20671385	20671385.fna	no	
20671465	20671465.fna	no	
20672065	20672065.fna	no	
20672115	20672115.fna	no	
20672485	20672485.fna	no	
20672525	20672525.fna	no	
20808085	20808085.fna	yes	20808085_pESI.fasta
20864745	20864745.fna	yes	20864745_pESI.fasta
20919875	20919875.fna	no	
20964875	20964875.fna	yes	20964875_pESI.fasta
21007735	21007735.fna	yes	21007735_pESI.fasta
21059045	21059045.fna	no	
21180765	21180765.fna	yes	21180765_pESI.fasta
21193515	21193515.fna	no	
21308675	21308675.fna	yes	21308675_pESI.fasta
21761305	21761305.fna	yes	21761305_pESI.fasta
22330065	22330065.fna	yes	22330065_pESI.fasta
22331385	22331385.fna	yes	22331385_pESI.fasta
22363375	22363375.fna	yes	22363375_pESI.fasta
22617815	22617815.fna	no	
22617875	22617875.fna	yes	22617875_pESI.fasta
22905815	22905815.fna	yes	22905815_pESI.fasta
23416215	23416215.fna	yes	23416215_pESI.fasta
23514945	23514945.fna	yes	23514945_pESI.fasta
23837735	23837735.fna	yes	23837735_pESI.fasta
24000255	24000255.fna	yes	24000255_pESI.fasta
24001045	24001045.fna	yes	24001045_pESI.fasta
24131445	24131445.fna	no	
24242935	24242935.fna	yes	24242935_pESI.fasta
24417045	24417045.fna	no	
24629395	24629395.fna	no	
24688825	24688825.fna	yes	24688825_pESI.fasta
24851145	24851145.fna	yes	24851145_pESI.fasta
24910175	24910175.fna	yes	24910175_pESI.fasta
24983195	24983195.fna	no	
24984715	24984715.fna	no	
25339125	25339125.fna	no	
25339145	25339145.fna	no	
25597515	25597515.fna	yes	25597515_pESI.fasta
25671005	25671005.fna	yes	25671005_pESI.fasta
25671015	25671015.fna	yes	25671015_pESI.fasta
25686455	25686455.fna	no	
25806255	25806255.fna	yes	25806255_pESI.fasta
26044135	26044135.fna	yes	26044135_pESI.fasta
26044315	26044315.fna	yes	26044315_pESI.fasta
26180105	26180105.fna	no	
26252495	26252495.fna	yes	26252495_pESI.fasta
26370835	26370835.fna	yes	26370835_pESI.fasta
26580025	26580025.fna	no	
26733835	26733835.fna	no	
27171365	27171365.fna	yes	27171365_pESI.fasta
27606455	27606455.fna	yes	27606455_pESI.fasta
27606475	27606475.fna	yes	27606475_pESI.fasta
28547265	28547265.fna	yes	28547265_pESI.fasta
28916085	28916085.fna	yes	28916085_pESI.fasta
28916145	28916145.fna	no	
28916195	28916195.fna	yes	28916195_pESI.fasta
29323955	29323955.fna	yes	29323955_pESI.fasta
29413815	29413815.fna	yes	29413815_pESI.fasta
29769425	29769425.fna	yes	29769425_pESI.fasta
31027665	31027665.fna	yes	31027665_pESI.fasta
31059355	31059355.fna	no	
31059475	31059475.fna	yes	31059475_pESI.fasta
31059995	31059995.fna	yes	31059995_pESI.fasta
31184075	31184075.fna	yes	31184075_pESI.fasta
31722655	31722655.fna	yes	31722655_pESI.fasta
31725395	31725395.fna	yes	31725395_pESI.fasta
31725495	31725495.fna	yes	31725495_pESI.fasta
31765255	31765255.fna	yes	31765255_pESI.fasta
31765335	31765335.fna	yes	31765335_pESI.fasta
31770105	31770105.fna	yes	31770105_pESI.fasta
31832435	31832435.fna	no	
31895175	31895175.fna	yes	31895175_pESI.fasta
31895395	31895395.fna	yes	31895395_pESI.fasta
31895515	31895515.fna	yes	31895515_pESI.fasta
31895675	31895675.fna	yes	31895675_pESI.fasta
31904685	31904685.fna	yes	31904685_pESI.fasta
31904705	31904705.fna	yes	31904705_pESI.fasta
32036575	32036575.fna	no	
32037335	32037335.fna	no	
32316375	32316375.fna	yes	32316375_pESI.fasta
32323275	32323275.fna	yes	32323275_pESI.fasta
32323335	32323335.fna	no	
32450575	32450575.fna	yes	32450575_pESI.fasta
32498225	32498225.fna	yes	32498225_pESI.fasta
32498505	32498505.fna	yes	32498505_pESI.fasta
32498545	32498545.fna	yes	32498545_pESI.fasta
32498565	32498565.fna	yes	32498565_pESI.fasta
32643285	32643285.fna	yes	32643285_pESI.fasta
32759455	32759455.fna	yes	32759455_pESI.fasta
32773835	32773835.fna	yes	32773835_pESI.fasta
32858385	32858385.fna	yes	32858385_pESI.fasta
32858425	32858425.fna	yes	32858425_pESI.fasta
32858445	32858445.fna	yes	32858445_pESI.fasta
33014935	33014935.fna	yes	33014935_pESI.fasta
33015095	33015095.fna	yes	33015095_pESI.fasta
33015275	33015275.fna	yes	33015275_pESI.fasta
33015535	33015535.fna	yes	33015535_pESI.fasta
33631765	33631765.fna	no	
33631805	33631805.fna	yes	33631805_pESI.fasta
33632345	33632345.fna	yes	33632345_pESI.fasta
33637285	33637285.fna	yes	33637285_pESI.fasta
33637825	33637825.fna	no	
33637935	33637935.fna	no	
33672605	33672605.fna	no	
33680705	33680705.fna	no	
33687925	33687925.fna	yes	33687925_pESI.fasta
33688975	33688975.fna	yes	33688975_pESI.fasta
33757895	33757895.fna	yes	33757895_pESI.fasta
33757955	33757955.fna	no	
33877195	33877195.fna	yes	33877195_pESI.fasta
36571955	36571955.fna	no	
394361	394361.fna	yes	394361_pESI.fasta
394362	394362.fna	yes	394362_pESI.fasta
394363	394363.fna	yes	394363_pESI.fasta
394365	394365.fna	yes	394365_pESI.fasta
394367	394367.fna	yes	394367_pESI.fasta
394368	394368.fna	yes	394368_pESI.fasta
394369	394369.fna	yes	394369_pESI.fasta
394370	394370.fna	yes	394370_pESI.fasta
394371	394371.fna	yes	394371_pESI.fasta
394372	394372.fna	yes	394372_pESI.fasta
394373	394373.fna	yes	394373_pESI.fasta
394374	394374.fna	yes	394374_pESI.fasta
394375	394375.fna	yes	394375_pESI.fasta
394376	394376.fna	yes	394376_pESI.fasta
394377	394377.fna	yes	394377_pESI.fasta
394378	394378.fna	yes	394378_pESI.fasta
394379	394379.fna	yes	394379_pESI.fasta
394380	394380.fna	yes	394380_pESI.fasta
394381	394381.fna	yes	394381_pESI.fasta
394382	394382.fna	yes	394382_pESI.fasta
394383	394383.fna	yes	394383_pESI.fasta
394384	394384.fna	yes	394384_pESI.fasta
394385	394385.fna	yes	394385_pESI.fasta
394386	394386.fna	yes	394386_pESI.fasta
394387	394387.fna	yes	394387_pESI.fasta
394388	394388.fna	no	
394389	394389.fna	yes	394389_pESI.fasta
394390	394390.fna	no	
394392	394392.fna	yes	394392_pESI.fasta
394393	394393.fna	yes	394393_pESI.fasta
394394	394394.fna	yes	394394_pESI.fasta
394395	394395.fna	yes	394395_pESI.fasta
394396	394396.fna	yes	394396_pESI.fasta
394397	394397.fna	yes	394397_pESI.fasta
394398	394398.fna	yes	394398_pESI.fasta
394399	394399.fna	yes	394399_pESI.fasta
394400	394400.fna	yes	394400_pESI.fasta
394401	394401.fna	yes	394401_pESI.fasta
394402	394402.fna	no	
394403	394403.fna	yes	394403_pESI.fasta
394404	394404.fna	yes	394404_pESI.fasta
394405	394405.fna	yes	394405_pESI.fasta
394406	394406.fna	yes	394406_pESI.fasta
394407	394407.fna	yes	394407_pESI.fasta
394408	394408.fna	yes	394408_pESI.fasta
394409	394409.fna	yes	394409_pESI.fasta
394410	394410.fna	yes	394410_pESI.fasta
394411	394411.fna	yes	394411_pESI.fasta
394412	394412.fna	yes	394412_pESI.fasta
394413	394413.fna	yes	394413_pESI.fasta
394414	394414.fna	yes	394414_pESI.fasta
394415	394415.fna	yes	394415_pESI.fasta
394416	394416.fna	yes	394416_pESI.fasta
394417	394417.fna	yes	394417_pESI.fasta
394418	394418.fna	yes	394418_pESI.fasta
394419	394419.fna	yes	394419_pESI.fasta
394420	394420.fna	yes	394420_pESI.fasta
394421	394421.fna	yes	394421_pESI.fasta
394422	394422.fna	yes	394422_pESI.fasta
394423	394423.fna	yes	394423_pESI.fasta
394424	394424.fna	yes	394424_pESI.fasta
394425	394425.fna	yes	394425_pESI.fasta
394426	394426.fna	yes	394426_pESI.fasta
394427	394427.fna	yes	394427_pESI.fasta
394428	394428.fna	yes	394428_pESI.fasta
394429	394429.fna	yes	394429_pESI.fasta
394430	394430.fna	yes	394430_pESI.fasta
394431	394431.fna	yes	394431_pESI.fasta
394432	394432.fna	no	
394433	394433.fna	yes	394433_pESI.fasta
394434	394434.fna	yes	394434_pESI.fasta
394435	394435.fna	yes	394435_pESI.fasta
394436	394436.fna	yes	394436_pESI.fasta
394437	394437.fna	yes	394437_pESI.fasta
394438	394438.fna	yes	394438_pESI.fasta
394439	394439.fna	yes	394439_pESI.fasta
394440	394440.fna	yes	394440_pESI.fasta
394441	394441.fna	yes	394441_pESI.fasta
394442	394442.fna	yes	394442_pESI.fasta
394443	394443.fna	yes	394443_pESI.fasta
394444	394444.fna	yes	394444_pESI.fasta
394446	394446.fna	yes	394446_pESI.fasta
394447	394447.fna	yes	394447_pESI.fasta
394448	394448.fna	yes	394448_pESI.fasta
394449	394449.fna	yes	394449_pESI.fasta
394450	394450.fna	yes	394450_pESI.fasta
394451	394451.fna	yes	394451_pESI.fasta
394452	394452.fna	yes	394452_pESI.fasta
394453	394453.fna	yes	394453_pESI.fasta
394454	394454.fna	yes	394454_pESI.fasta
394455	394455.fna	yes	394455_pESI.fasta
394456	394456.fna	yes	394456_pESI.fasta
394457	394457.fna	yes	394457_pESI.fasta
394459	394459.fna	yes	394459_pESI.fasta
394460	394460.fna	yes	394460_pESI.fasta
394462	394462.fna	yes	394462_pESI.fasta
394463	394463.fna	yes	394463_pESI.fasta
394465	394465.fna	yes	394465_pESI.fasta
394466	394466.fna	yes	394466_pESI.fasta
394467	394467.fna	yes	394467_pESI.fasta
394468	394468.fna	yes	394468_pESI.fasta
394469	394469.fna	yes	394469_pESI.fasta
394470	394470.fna	yes	394470_pESI.fasta
394472	394472.fna	yes	394472_pESI.fasta
394473	394473.fna	yes	394473_pESI.fasta
394474	394474.fna	yes	394474_pESI.fasta
394475	394475.fna	yes	394475_pESI.fasta
394476	394476.fna	yes	394476_pESI.fasta
394477	394477.fna	yes	394477_pESI.fasta
394478	394478.fna	yes	394478_pESI.fasta
394479	394479.fna	yes	394479_pESI.fasta
394480	394480.fna	yes	394480_pESI.fasta
394481	394481.fna	yes	394481_pESI.fasta
394482	394482.fna	yes	394482_pESI.fasta
394483	394483.fna	yes	394483_pESI.fasta
394484	394484.fna	yes	394484_pESI.fasta
394485	394485.fna	no	
394487	394487.fna	yes	394487_pESI.fasta
394488	394488.fna	yes	394488_pESI.fasta
394490	394490.fna	no	
394491	394491.fna	yes	394491_pESI.fasta
394492	394492.fna	yes	394492_pESI.fasta
394494	394494.fna	yes	394494_pESI.fasta
394495	394495.fna	yes	394495_pESI.fasta
394496	394496.fna	yes	394496_pESI.fasta
394497	394497.fna	yes	394497_pESI.fasta
394498	394498.fna	yes	394498_pESI.fasta
394499	394499.fna	yes	394499_pESI.fasta
394500	394500.fna	no	
394502	394502.fna	no	
394504	394504.fna	yes	394504_pESI.fasta
394505	394505.fna	yes	394505_pESI.fasta
394506	394506.fna	yes	394506_pESI.fasta
394507	394507.fna	yes	394507_pESI.fasta
394508	394508.fna	yes	394508_pESI.fasta
394509	394509.fna	yes	394509_pESI.fasta
394510	394510.fna	yes	394510_pESI.fasta
394511	394511.fna	yes	394511_pESI.fasta
394512	394512.fna	yes	394512_pESI.fasta
394513	394513.fna	yes	394513_pESI.fasta
394514	394514.fna	yes	394514_pESI.fasta
394515	394515.fna	yes	394515_pESI.fasta
394517	394517.fna	yes	394517_pESI.fasta
394518	394518.fna	yes	394518_pESI.fasta
394519	394519.fna	yes	394519_pESI.fasta
394520	394520.fna	yes	394520_pESI.fasta
394522	394522.fna	no	
394523	394523.fna	yes	394523_pESI.fasta
394524	394524.fna	yes	394524_pESI.fasta
394525	394525.fna	no	
394527	394527.fna	yes	394527_pESI.fasta
394528	394528.fna	yes	394528_pESI.fasta
394529	394529.fna	yes	394529_pESI.fasta
394530	394530.fna	yes	394530_pESI.fasta
394531	394531.fna	yes	394531_pESI.fasta
394532	394532.fna	yes	394532_pESI.fasta
394533	394533.fna	yes	394533_pESI.fasta
394534	394534.fna	yes	394534_pESI.fasta
394535	394535.fna	yes	394535_pESI.fasta
394536	394536.fna	yes	394536_pESI.fasta
394537	394537.fna	yes	394537_pESI.fasta
394538	394538.fna	yes	394538_pESI.fasta
394539	394539.fna	yes	394539_pESI.fasta
394540	394540.fna	yes	394540_pESI.fasta
394541	394541.fna	yes	394541_pESI.fasta
394542	394542.fna	yes	394542_pESI.fasta
394543	394543.fna	yes	394543_pESI.fasta
394544	394544.fna	yes	394544_pESI.fasta
394545	394545.fna	yes	394545_pESI.fasta
394548	394548.fna	yes	394548_pESI.fasta
394549	394549.fna	yes	394549_pESI.fasta
394550	394550.fna	yes	394550_pESI.fasta
394552	394552.fna	yes	394552_pESI.fasta
394553	394553.fna	yes	394553_pESI.fasta
394555	394555.fna	yes	394555_pESI.fasta
394556	394556.fna	yes	394556_pESI.fasta
394557	394557.fna	yes	394557_pESI.fasta
394558	394558.fna	yes	394558_pESI.fasta
394560	394560.fna	yes	394560_pESI.fasta
394562	394562.fna	yes	394562_pESI.fasta
394563	394563.fna	yes	394563_pESI.fasta
394564	394564.fna	yes	394564_pESI.fasta
394565	394565.fna	yes	394565_pESI.fasta
394566	394566.fna	yes	394566_pESI.fasta
394567	394567.fna	yes	394567_pESI.fasta
394568	394568.fna	yes	394568_pESI.fasta
394569	394569.fna	yes	394569_pESI.fasta
394570	394570.fna	yes	394570_pESI.fasta
394571	394571.fna	yes	394571_pESI.fasta
394572	394572.fna	yes	394572_pESI.fasta
394574	394574.fna	yes	394574_pESI.fasta
394575	394575.fna	yes	394575_pESI.fasta
394576	394576.fna	yes	394576_pESI.fasta
394577	394577.fna	yes	394577_pESI.fasta
394578	394578.fna	yes	394578_pESI.fasta
394579	394579.fna	yes	394579_pESI.fasta
394580	394580.fna	yes	394580_pESI.fasta
394581	394581.fna	yes	394581_pESI.fasta
394582	394582.fna	yes	394582_pESI.fasta
394583	394583.fna	yes	394583_pESI.fasta
394584	394584.fna	yes	394584_pESI.fasta
394585	394585.fna	yes	394585_pESI.fasta
394586	394586.fna	yes	394586_pESI.fasta
394587	394587.fna	yes	394587_pESI.fasta
394588	394588.fna	yes	394588_pESI.fasta
394589	394589.fna	yes	394589_pESI.fasta
394590	394590.fna	yes	394590_pESI.fasta
394591	394591.fna	yes	394591_pESI.fasta
394592	394592.fna	yes	394592_pESI.fasta
394593	394593.fna	yes	394593_pESI.fasta
394594	394594.fna	no	
394595	394595.fna	yes	394595_pESI.fasta
394596	394596.fna	yes	394596_pESI.fasta
394597	394597.fna	yes	394597_pESI.fasta
394598	394598.fna	yes	394598_pESI.fasta
394599	394599.fna	yes	394599_pESI.fasta
394600	394600.fna	yes	394600_pESI.fasta
394601	394601.fna	yes	394601_pESI.fasta
394602	394602.fna	yes	394602_pESI.fasta
394603	394603.fna	no	
394604	394604.fna	yes	394604_pESI.fasta
394605	394605.fna	yes	394605_pESI.fasta
394606	394606.fna	yes	394606_pESI.fasta
394607	394607.fna	yes	394607_pESI.fasta
394608	394608.fna	yes	394608_pESI.fasta
394609	394609.fna	yes	394609_pESI.fasta
394610	394610.fna	yes	394610_pESI.fasta
394611	394611.fna	yes	394611_pESI.fasta
394612	394612.fna	yes	394612_pESI.fasta
394613	394613.fna	yes	394613_pESI.fasta
394614	394614.fna	yes	394614_pESI.fasta
394616	394616.fna	yes	394616_pESI.fasta
394617	394617.fna	yes	394617_pESI.fasta
394619	394619.fna	yes	394619_pESI.fasta
394620	394620.fna	yes	394620_pESI.fasta
394621	394621.fna	yes	394621_pESI.fasta
394622	394622.fna	yes	394622_pESI.fasta
394623	394623.fna	yes	394623_pESI.fasta
394624	394624.fna	yes	394624_pESI.fasta
394626	394626.fna	yes	394626_pESI.fasta
394627	394627.fna	yes	394627_pESI.fasta
394630	394630.fna	yes	394630_pESI.fasta
394631	394631.fna	yes	394631_pESI.fasta
394632	394632.fna	yes	394632_pESI.fasta
394633	394633.fna	yes	394633_pESI.fasta
394635	394635.fna	no	
394637	394637.fna	yes	394637_pESI.fasta
394638	394638.fna	yes	394638_pESI.fasta
394639	394639.fna	yes	394639_pESI.fasta
394640	394640.fna	yes	394640_pESI.fasta
394641	394641.fna	yes	394641_pESI.fasta
394642	394642.fna	yes	394642_pESI.fasta
394643	394643.fna	yes	394643_pESI.fasta
394644	394644.fna	yes	394644_pESI.fasta
394645	394645.fna	yes	394645_pESI.fasta
394648	394648.fna	yes	394648_pESI.fasta
394649	394649.fna	yes	394649_pESI.fasta
394650	394650.fna	yes	394650_pESI.fasta
394651	394651.fna	yes	394651_pESI.fasta
394652	394652.fna	yes	394652_pESI.fasta
394654	394654.fna	yes	394654_pESI.fasta
394656	394656.fna	no	
394658	394658.fna	yes	394658_pESI.fasta
394659	394659.fna	yes	394659_pESI.fasta
394660	394660.fna	yes	394660_pESI.fasta
394661	394661.fna	yes	394661_pESI.fasta
394662	394662.fna	yes	394662_pESI.fasta
394663	394663.fna	yes	394663_pESI.fasta
394664	394664.fna	yes	394664_pESI.fasta
394665	394665.fna	yes	394665_pESI.fasta
394666	394666.fna	yes	394666_pESI.fasta
394668	394668.fna	yes	394668_pESI.fasta
394669	394669.fna	yes	394669_pESI.fasta
394670	394670.fna	yes	394670_pESI.fasta
394671	394671.fna	yes	394671_pESI.fasta
394673	394673.fna	yes	394673_pESI.fasta
394674	394674.fna	yes	394674_pESI.fasta
394675	394675.fna	yes	394675_pESI.fasta
40279135	40279135.fna	yes	40279135_pESI.fasta
40279165	40279165.fna	yes	40279165_pESI.fasta
40279265	40279265.fna	yes	40279265_pESI.fasta
40279285	40279285.fna	yes	40279285_pESI.fasta
40279375	40279375.fna	yes	40279375_pESI.fasta
40741165	40741165.fna	yes	40741165_pESI.fasta
41292945	41292945.fna	yes	41292945_pESI.fasta
41730825	41730825.fna	no	
41730905	41730905.fna	no	
41730985	41730985.fna	no	
41731175	41731175.fna	no	
44464205	44464205.fna	yes	44464205_pESI.fasta
44466385	44466385.fna	no	
44468645	44468645.fna	yes	44468645_pESI.fasta
45176625	45176625.fna	yes	45176625_pESI.fasta
45808885	45808885.fna	no	
45808905	45808905.fna	no	
45808925	45808925.fna	no	
45808965	45808965.fna	no	
45809245	45809245.fna	no	
46157945	46157945.fna	yes	46157945_pESI.fasta
46158225	46158225.fna	yes	46158225_pESI.fasta
46158765	46158765.fna	yes	46158765_pESI.fasta
46158785	46158785.fna	yes	46158785_pESI.fasta
46158905	46158905.fna	yes	46158905_pESI.fasta
46158945	46158945.fna	yes	46158945_pESI.fasta
46438315	46438315.fna	no	
46441845	46441845.fna	no	
46460335	46460335.fna	no	
46482165	46482165.fna	no	
46528785	46528785.fna	no	
46616815	46616815.fna	yes	46616815_pESI.fasta
47305365	47305365.fna	no	
47305385	47305385.fna	no	
47688755	47688755.fna	no	
47688775	47688775.fna	no	
7618695	7618695.fna	no	
7736995	7736995.fna	yes	7736995_pESI.fasta
7792295	7792295.fna	yes	7792295_pESI.fasta
7792575	7792575.fna	yes	7792575_pESI.fasta
7794975	7794975.fna	yes	7794975_pESI.fasta
7795135	7795135.fna	yes	7795135_pESI.fasta
7803955	7803955.fna	no	
7823845	7823845.fna	yes	7823845_pESI.fasta
7824425	7824425.fna	yes	7824425_pESI.fasta
7868825	7868825.fna	no	
7883985	7883985.fna	yes	7883985_pESI.fasta
7884125	7884125.fna	no	
7918635	7918635.fna	yes	7918635_pESI.fasta
8023295	8023295.fna	no	
8023395	8023395.fna	no	
8024555	8024555.fna	no	
8025635	8025635.fna	no	
8025835	8025835.fna	no	
8026935	8026935.fna	no	
8030955	8030955.fna	no	
8031695	8031695.fna	no	
8046335	8046335.fna	no	
8046645	8046645.fna	no	
8067535	8067535.fna	no	
8070535	8070535.fna	no	
8090545	8090545.fna	no	
8091465	8091465.fna	no	
8091485	8091485.fna	no	
8222005	8222005.fna	yes	8222005_pESI.fasta
8407405	8407405.fna	no	
8407605	8407605.fna	no	
8408935	8408935.fna	no	
8427505	8427505.fna	no	
8427745	8427745.fna	no	
8434565	8434565.fna	no	
8437305	8437305.fna	no	
8444725	8444725.fna	yes	8444725_pESI.fasta
8447065	8447065.fna	no	
8447265	8447265.fna	no	
8447705	8447705.fna	no	
8450195	8450195.fna	no	
8461165	8461165.fna	yes	8461165_pESI.fasta
8461385	8461385.fna	yes	8461385_pESI.fasta
8461765	8461765.fna	yes	8461765_pESI.fasta
8474185	8474185.fna	no	
8475865	8475865.fna	no	
8476245	8476245.fna	no	
8476865	8476865.fna	no	
8480325	8480325.fna	no	
8480665	8480665.fna	no	
8480945	8480945.fna	no	
8482125	8482125.fna	no	
8484365	8484365.fna	no	
8491765	8491765.fna	no	
8505305	8505305.fna	no	
8514935	8514935.fna	no	
8516925	8516925.fna	no	
8530175	8530175.fna	no	
8543675	8543675.fna	no	
8547575	8547575.fna	yes	8547575_pESI.fasta
8549615	8549615.fna	no	
8559715	8559715.fna	yes	8559715_pESI.fasta
8637495	8637495.fna	no	
8649995	8649995.fna	yes	8649995_pESI.fasta
8653695	8653695.fna	no	
8653735	8653735.fna	no	
8666235	8666235.fna	yes	8666235_pESI.fasta
8666915	8666915.fna	no	
8691325	8691325.fna	no	
8713855	8713855.fna	yes	8713855_pESI.fasta
8714695	8714695.fna	yes	8714695_pESI.fasta
8715535	8715535.fna	yes	8715535_pESI.fasta
8730515	8730515.fna	no	
8765535	8765535.fna	yes	8765535_pESI.fasta
8769815	8769815.fna	no	
8769955	8769955.fna	yes	8769955_pESI.fasta
8770075	8770075.fna	yes	8770075_pESI.fasta
8777535	8777535.fna	no	
8778775	8778775.fna	yes	8778775_pESI.fasta
8789685	8789685.fna	no	
8790705	8790705.fna	no	
8813075	8813075.fna	yes	8813075_pESI.fasta
8865725	8865725.fna	no	
8866805	8866805.fna	no	
8894905	8894905.fna	no	
8927125	8927125.fna	no	
8928825	8928825.fna	no	
8928865	8928865.fna	no	
8929885	8929885.fna	no	
8937335	8937335.fna	no	
8944705	8944705.fna	no	
8945305	8945305.fna	no	
8946365	8946365.fna	no	
8949485	8949485.fna	no	
8963375	8963375.fna	no	
8976685	8976685.fna	no	
8987665	8987665.fna	no	
8989285	8989285.fna	no	
8989965	8989965.fna	yes	8989965_pESI.fasta
9009635	9009635.fna	no	
9026405	9026405.fna	yes	9026405_pESI.fasta
9026525	9026525.fna	no	
9027665	9027665.fna	no	
9028145	9028145.fna	no	
9034065	9034065.fna	no	
9035945	9035945.fna	no	
9036005	9036005.fna	no	
9041125	9041125.fna	no	
9044785	9044785.fna	no	
9046505	9046505.fna	yes	9046505_pESI.fasta
9056445	9056445.fna	no	
9058465	9058465.fna	no	
9075585	9075585.fna	no	
9075625	9075625.fna	no	
9078935	9078935.fna	no	
9079255	9079255.fna	no	
9088565	9088565.fna	no	
9099605	9099605.fna	no	
9099625	9099625.fna	no	
9123725	9123725.fna	yes	9123725_pESI.fasta
9124805	9124805.fna	yes	9124805_pESI.fasta
9131505	9131505.fna	yes	9131505_pESI.fasta
9150955	9150955.fna	no	
9164925	9164925.fna	yes	9164925_pESI.fasta
9166965	9166965.fna	no	
9167145	9167145.fna	yes	9167145_pESI.fasta
9167845	9167845.fna	yes	9167845_pESI.fasta
9206385	9206385.fna	yes	9206385_pESI.fasta
9206405	9206405.fna	no	
9206725	9206725.fna	no	
9207105	9207105.fna	no	
9207225	9207225.fna	yes	9207225_pESI.fasta
9217545	9217545.fna	no	
9217935	9217935.fna	yes	9217935_pESI.fasta
9218325	9218325.fna	no	
9218365	9218365.fna	no	
9245105	9245105.fna	no	
9245365	9245365.fna	no	
9245645	9245645.fna	no	
9317235	9317235.fna	no	
9317375	9317375.fna	yes	9317375_pESI.fasta
9317835	9317835.fna	no	
9318515	9318515.fna	yes	9318515_pESI.fasta
9318595	9318595.fna	no	
9322615	9322615.fna	no	
9324695	9324695.fna	no	
9324755	9324755.fna	no	
9333515	9333515.fna	no	
9335115	9335115.fna	no	
9336155	9336155.fna	no	
9338255	9338255.fna	no	
9338275	9338275.fna	no	
9341835	9341835.fna	no	
9342185	9342185.fna	yes	9342185_pESI.fasta
9365185	9365185.fna	no	
9365215	9365215.fna	no	
9365255	9365255.fna	yes	9365255_pESI.fasta
9368175	9368175.fna	no	
9395815	9395815.fna	no	
9397125	9397125.fna	no	
9397805	9397805.fna	no	
9397845	9397845.fna	no	
9401885	9401885.fna	yes	9401885_pESI.fasta
9465365	9465365.fna	no	
9474185	9474185.fna	yes	9474185_pESI.fasta
9476285	9476285.fna	yes	9476285_pESI.fasta
9499515	9499515.fna	no	
9501155	9501155.fna	no	
9523365	9523365.fna	yes	9523365_pESI.fasta
9523415	9523415.fna	no	
9523435	9523435.fna	no	
9533635	9533635.fna	no	
9536415	9536415.fna	yes	9536415_pESI.fasta
9536495	9536495.fna	no	
9541115	9541115.fna	no	
9550515	9550515.fna	no	
9550555	9550555.fna	no	
9550615	9550615.fna	no	
9578875	9578875.fna	no	
9579385	9579385.fna	yes	9579385_pESI.fasta
9584045	9584045.fna	no	
9586655	9586655.fna	no	
9587885	9587885.fna	no	
9587905	9587905.fna	no	
9592725	9592725.fna	no	
9613675	9613675.fna	no	
